no,provinsi,kabupaten,npsn,nama_sekolah,slot_1_csv,slot_1_status,slot_1_kode_kk,slot_1_nama_kk,slot_1_score,slot_2_csv,slot_2_status,slot_2_kode_kk,slot_2_nama_kk,slot_2_score,slot_3_csv,slot_3_status,slot_3_kode_kk,slot_3_nama_kk,slot_3_score,slot_4_csv,slot_4_status,slot_4_kode_kk,slot_4_nama_kk,slot_4_score,slot_5_csv,slot_5_status,slot_5_kode_kk,slot_5_nama_kk,slot_5_score
1,Aceh,Aceh Barat Daya,10110535,SMK Negeri 3 Aceh Barat Daya,Desain Komunikasi Visual (DKV),DIJADIKAN SESUAI,10.2.1,Desain Komunikasi Visual,92,Teknik Sepeda Motor,MATCHED EXACT,2.2.2,Teknik Sepeda Motor,100,Bisnis Digital,MATCHED EXACT,8.1.1,Bisnis Digital,100,,KOSONG,,,0,,KOSONG,,,0
2,Aceh,Aceh Barat Daya,10110536,SMK NEGERI 2 ACEH BARAT DAYA,Desain dan Produksi Busana,MATCHED EXACT,10.7.1,Desain dan Produksi Busana,100,,KOSONG,,,0,,KOSONG,,,0,,KOSONG,,,0,,KOSONG,,,0
3,Aceh,Aceh Barat Daya,10110273,SMKN 1 Arongan Lambalek,Agribisnis Tanaman Pangan dan Hortikultura,MATCHED EXACT,6.1.2,Agribisnis Tanaman Pangan dan Hortikultura,100,,KOSONG,,,0,,KOSONG,,,0,,KOSONG,,,0,,KOSONG,,,0
4,Aceh,Aceh Barat Daya,10110537,SMK NEGERI 5 ACEH BARAT DAYA,Agribisnis Tanaman Pangan dan Hortikultura,MATCHED EXACT,6.1.2,Agribisnis Tanaman Pangan dan Hortikultura,100,,KOSONG,,,0,,KOSONG,,,0,,KOSONG,,,0,,KOSONG,,,0
5,Aceh,Aceh Selatan,10102743,SMK NEGERI 1 TRUMON TIMUR,Agribisnis Tanaman Perkebunan,MATCHED EXACT,6.1.1,Agribisnis Tanaman Perkebunan,100,Agribisnis Tanaman Pangan dan Hortikultura,MATCHED EXACT,6.1.2,Agribisnis Tanaman Pangan dan Hortikultura,100,Desain Komunikasi Visual (DKV),DIJADIKAN SESUAI,10.2.1,Desain Komunikasi Visual,92,,KOSONG,,,0,,KOSONG,,,0
6,Aceh,Aceh Singkil,10104057,SMKN 1 SINGKIL UTARA,Desain Komunikasi Visual,MATCHED EXACT,10.2.1,Desain Komunikasi Visual,100,Agribisnis Tanaman Perkebunan,MATCHED EXACT,6.1.1,Agribisnis Tanaman Perkebunan,100,Teknik Pemboran Minyak dan Gas,MATCHED EXACT,3.5.2,Teknik Pemboran Minyak dan Gas,100,Agribisnis Ternak Unggas,MATCHED EXACT,6.2.2,Agribisnis Ternak Unggas,100,,KOSONG,,,0
7,Aceh,Aceh Tamiang,60726644,SMKN 1 KUALASIMPANG,Bisnis Digital,MATCHED EXACT,8.1.1,Bisnis Digital,100,,KOSONG,,,0,,KOSONG,,,0,,KOSONG,,,0,,KOSONG,,,0
8,Aceh,Aceh Tengah,70003115,SMK NEGERI 5 TAKENGON,Teknik Komputer Jaringan,MATCHED EXACT,4.2.1,Teknik Komputer dan Jaringan,100,,KOSONG,,,0,,KOSONG,,,0,,KOSONG,,,0,,KOSONG,,,0
9,Aceh,Aceh tenggara,10112892,SMK SWASTA IT AL AMANAH,Teknik Komputer dan Jaringan,MATCHED EXACT,4.2.1,Teknik Komputer dan Jaringan,100,,KOSONG,,,0,,KOSONG,,,0,,KOSONG,,,0,,KOSONG,,,0
10,Aceh,Aceh tenggara,10110357,SMKS BADRUL ULUM,Teknik Komputer dan Jaringan,MATCHED EXACT,4.2.1,Teknik Komputer dan Jaringan,100,,KOSONG,,,0,,KOSONG,,,0,,KOSONG,,,0,,KOSONG,,,0
11,Aceh,Aceh Timur,69726324,SMKS Plus AMAL,MANAJEMEN PERKANTORAN,MATCHED EXACT,8.2.1,Manajemen Perkantoran,100,CAREGIVER,DIJADIKAN SESUAI,5.1.1,Layanan Penunjang Keperawatan dan Caregiving,89,,KOSONG,,,0,,KOSONG,,,0,,KOSONG,,,0
12,Aceh,Aceh Utara,10106280,SMK NEGERI 1 BAKTIYA BARAT,Desain dan Produksi Busana,MATCHED EXACT,10.7.1,Desain dan Produksi Busana,100,Desain Komunikasi Visaual,MATCHED EXACT,10.2.1,Desain Komunikasi Visual,100,,KOSONG,,,0,,KOSONG,,,0,,KOSONG,,,0
13,Aceh,Aceh Utara,69909282,SMKN 1 Cot Girek,Teknik Grafika (TG),DIJADIKAN SESUAI,10.2.2,Teknik Grafika,92,,KOSONG,,,0,,KOSONG,,,0,,KOSONG,,,0,,KOSONG,,,0
14,Aceh,Aceh Utara,10113067,SMK Negeri 1 Lapang,Agribisnis Perikanan Payau dan Laut,MATCHED EXACT,6.3.2,Agribisnis Perikanan Payau dan Laut,100,Managemen Perkantoran,DIJADIKAN SESUAI,8.2.2,Manajemen Logistik,85,,KOSONG,,,0,,KOSONG,,,0,,KOSONG,,,0
15,Aceh,Aceh Utara,69787116,SMKS TERPADU BABUSSALAM,Desain dan Produksi Busana,MATCHED EXACT,10.7.1,Desain dan Produksi Busana,100,,KOSONG,,,0,,KOSONG,,,0,,KOSONG,,,0,,KOSONG,,,0
16,Aceh,Aceh Utara,10113041,SMK FARMASI CITRA BANGSA,Layanan Penunjang Kefarmasian Klinis dan Komunitas,MATCHED EXACT,5.3.1,Layanan Penunjang Kefarmasian Klinis dan Komunitas,100,,KOSONG,,,0,,KOSONG,,,0,,KOSONG,,,0,,KOSONG,,,0
17,Aceh,aceh Utara,69943314,SMK Swasta Mubarrak Al-Waliyah,DESAIN KOMUNIKASI VISUAL,MATCHED EXACT,10.2.1,Desain Komunikasi Visual,100,,KOSONG,,,0,,KOSONG,,,0,,KOSONG,,,0,,KOSONG,,,0
18,Aceh,Aceh Utara,70049631,SMK SWASTA TASTAFI,Rekayasa Perangkat Lunak,MATCHED EXACT,4.1.1,Rekayasa Perangkat Lunak,100,,KOSONG,,,0,,KOSONG,,,0,,KOSONG,,,0,,KOSONG,,,0
19,Aceh,Bireuen,10107108,SMK Negeri 1 Peusangan,Desain dan Produksi Busana,MATCHED EXACT,10.7.1,Desain dan Produksi Busana,100,,KOSONG,,,0,,KOSONG,,,0,,KOSONG,,,0,,KOSONG,,,0
20,Sumatera Utara,Kota Medan,69727923,SMK NEGERI 14 MEDAN,Elektronika Industri,DIJADIKAN SESUAI,2.5.3,Teknik Elektronika Industri,96,Teknik Instalasi Tenaga Listrik,MATCHED EXACT,3.1.1,Teknik Instalasi Tenaga Listrik,100,Teknik Kendaraan Ringan,MATCHED EXACT,2.2.1,Teknik Kendaraan Ringan,100,,KOSONG,,,0,,KOSONG,,,0
21,Sumatera Utara,Kabupaten Langkat,69924677,SMK SWASTA MUHAMMAD YAASIIN SEI LEPAN,Teknik Komputer Jaringan,MATCHED EXACT,4.2.1,Teknik Komputer dan Jaringan,100,Teknik Sepeda Motor,MATCHED EXACT,2.2.2,Teknik Sepeda Motor,100,,KOSONG,,,0,,KOSONG,,,0,,KOSONG,,,0
22,Aceh,Kabupaten Aceh Barat Daya,10104846,SMK NEGERI 1 ACEH BARAT DAYA,Teknik Sepeda Motor,MATCHED EXACT,2.2.2,Teknik Sepeda Motor,100,Teknik Kendaraan Ringan,MATCHED EXACT,2.2.1,Teknik Kendaraan Ringan,100,Teknik Instalasi Tenaga Listrik,MATCHED EXACT,3.1.1,Teknik Instalasi Tenaga Listrik,100,Teknik Komputer dan Jaringan,MATCHED EXACT,4.2.1,Teknik Komputer dan Jaringan,100,,KOSONG,,,0
23,Aceh,Kabupaten Aceh Barat Daya,10110534,SMK NEGERI 4 ACEH BARAT DAYA,Teknik Pengelasan,MATCHED EXACT,2.3.1,Teknik Pengelasan,100,Agribisnis Pengolahan Hasil Pertanian,MATCHED EXACT,6.5.1,Agribisnis Pengolahan Hasil Pertanian,100,,KOSONG,,,0,,KOSONG,,,0,,KOSONG,,,0
24,Aceh,Kabupaten Aceh Besar,60729112,SMKN 1  LHOKNGA,Desain dan Produksi Busana,MATCHED EXACT,10.7.1,Desain dan Produksi Busana,100,,KOSONG,,,0,,KOSONG,,,0,,KOSONG,,,0,,KOSONG,,,0
25,Aceh,Kabupaten Aceh Selatan,10113369,SMKS HIDAYATUL ANAM,Agribisnis Tanaman Pangan dan Hortikultura,MATCHED EXACT,6.1.2,Agribisnis Tanaman Pangan dan Hortikultura,100,,KOSONG,,,0,,KOSONG,,,0,,KOSONG,,,0,,KOSONG,,,0
26,Aceh,Kabupaten Aceh Singkil,69947031,SMK Swasta Muhammadiyah Singkil,Teknik Komputer dan Jaringan,MATCHED EXACT,4.2.1,Teknik Komputer dan Jaringan,100,,KOSONG,,,0,,KOSONG,,,0,,KOSONG,,,0,,KOSONG,,,0
27,Aceh,Kabupaten Aceh Tamiang,10108048,SMK NEGERI 2 KARANG BARU,Teknik Kendaraan Ringan,MATCHED EXACT,2.2.1,Teknik Kendaraan Ringan,100,Teknik Sepeda Motor,MATCHED EXACT,2.2.2,Teknik Sepeda Motor,100,Teknik Pengelasan,MATCHED EXACT,2.3.1,Teknik Pengelasan,100,Teknik Mekatronika,MATCHED EXACT,2.5.2,Teknik Mekatronika,100,Teknik Instalasi Tenaga Listrik,MATCHED EXACT,3.1.1,Teknik Instalasi Tenaga Listrik,100
28,Aceh,Kabupaten Aceh Tamiang,10110624,SMK NEGERI 1 BENDAHARA,Teknik Kendaraan Ringan,MATCHED EXACT,2.2.1,Teknik Kendaraan Ringan,100,Neutika Kapal,DIJADIKAN SESUAI,7.4.1,Nautika Kapal Niaga,97,,KOSONG,,,0,,KOSONG,,,0,,KOSONG,,,0
29,Aceh,Kabupaten Aceh Tamiang,69966741,SMKS Sabilul Ulum,Teknik Sepeda Motor,MATCHED EXACT,2.2.2,Teknik Sepeda Motor,100,,KOSONG,,,0,,KOSONG,,,0,,KOSONG,,,0,,KOSONG,,,0
30,Aceh,Kabupaten Aceh Tamiang,10107161,SMKS SYUKRONIYAH,Teknik pengelasan,MATCHED EXACT,2.3.1,Teknik Pengelasan,100,,KOSONG,,,0,,KOSONG,,,0,,KOSONG,,,0,,KOSONG,,,0
31,Aceh,Kabupaten Aceh Tamiang,10107158,SMKN 1 KARANG BARU,Rekayasa Perangkat Lunak (RPL),DIJADIKAN SESUAI,4.1.1,Rekayasa Perangkat Lunak,92,,KOSONG,,,0,,KOSONG,,,0,,KOSONG,,,0,,KOSONG,,,0
32,Aceh,Kabupaten Aceh Tamiang,10104267,SMK SWASTA MAIMUN HABSYAH KUALA SIMPANG,Teknik Kendaraan Ringan,MATCHED EXACT,2.2.1,Teknik Kendaraan Ringan,100,,KOSONG,,,0,,KOSONG,,,0,,KOSONG,,,0,,KOSONG,,,0
33,Aceh,Kabupaten Aceh Tamiang,10108049,SMK NEGERI 3 KARANG BARU,Desain dan Produksi Busana,MATCHED EXACT,10.7.1,Desain dan Produksi Busana,100,Kuliner,MATCHED EXACT,9.3.1,Kuliner,100,,KOSONG,,,0,,KOSONG,,,0,,KOSONG,,,0
34,Aceh,Kabupaten Aceh Tamiang,70005918,SMK SWASTA MISRA,DESAIN KOMUNIKASI VISUAL,MATCHED EXACT,10.2.1,Desain Komunikasi Visual,100,,KOSONG,,,0,,KOSONG,,,0,,KOSONG,,,0,,KOSONG,,,0
35,Aceh,Kabupaten Aceh Timur,10111334,SMK NEGERI 2 PEUREULAK,Teknik Sepeda Motor,MATCHED EXACT,2.2.2,Teknik Sepeda Motor,100,Pengelasan,DIJADIKAN SESUAI,2.3.1,Teknik Pengelasan,95,,KOSONG,,,0,,KOSONG,,,0,,KOSONG,,,0
36,Aceh,Kabupaten Aceh Timur,10113344,SMK NEGERI 1 PEUREULAK,Desain dan Produksi Busana,MATCHED EXACT,10.7.1,Desain dan Produksi Busana,100,Teknik Sepeda Motor,MATCHED EXACT,2.2.2,Teknik Sepeda Motor,100,,KOSONG,,,0,,KOSONG,,,0,,KOSONG,,,0
37,Aceh,Kabupaten Aceh Timur,69946304,SMK NEGERI 1 INDRA MAKMU,Teknik Sepeda Motor,MATCHED EXACT,2.2.2,Teknik Sepeda Motor,100,Desain Komunikasi Visual (DKV),DIJADIKAN SESUAI,10.2.1,Desain Komunikasi Visual,92,,KOSONG,,,0,,KOSONG,,,0,,KOSONG,,,0
38,Aceh,Kabupaten Aceh Timur,10110606,SMK NEGERI 1 SIMPANG ULIM,Teknik Kendaraan Ringan,MATCHED EXACT,2.2.1,Teknik Kendaraan Ringan,100,Teknik Komputer dan Jaringan,MATCHED EXACT,4.2.1,Teknik Komputer dan Jaringan,100,Teknik Sepeda Motor,MATCHED EXACT,2.2.2,Teknik Sepeda Motor,100,,KOSONG,,,0,,KOSONG,,,0
39,Aceh,Kabupaten Aceh Timur,10113373,SMK NEGERI 1 PANTE BIDARI,Desain dan Produksi Busana,MATCHED EXACT,10.7.1,Desain dan Produksi Busana,100,Audio Visual,DIJADIKAN SESUAI,2.5.1,Teknik Audio Video,96,,KOSONG,,,0,,KOSONG,,,0,,KOSONG,,,0
40,Aceh,Kabupaten Aceh Timur,10111584,SMK NEGERI 1 LOKOP,Agribisnis Tanaman Pangan dan Hortikultura,MATCHED EXACT,6.1.2,Agribisnis Tanaman Pangan dan Hortikultura,100,,KOSONG,,,0,,KOSONG,,,0,,KOSONG,,,0,,KOSONG,,,0
41,Aceh,Kabupaten Aceh Timur,69990050,SMK NEGERI 1 NURUSSALAM,Desain dan Produksi Busana,MATCHED EXACT,10.7.1,Desain dan Produksi Busana,100,Teknik Instalasi Tenaga Listrik,MATCHED EXACT,3.1.1,Teknik Instalasi Tenaga Listrik,100,,KOSONG,,,0,,KOSONG,,,0,,KOSONG,,,0
42,Aceh,Kabupaten Aceh Timur,10112170,SMK NEGERI 1 JULOK,Teknik Sepeda Motor,MATCHED EXACT,2.2.2,Teknik Sepeda Motor,100,,KOSONG,,,0,,KOSONG,,,0,,KOSONG,,,0,,KOSONG,,,0
43,Aceh,Kabupaten Aceh Utara,10108210,SMK NEGERI 1 TANAH JAMBO AYE,TEKNIK AUDIO VIDEO (TAV),DIJADIKAN SESUAI,2.5.1,Teknik Audio Video,93,Desain Komunikasi Visual (DKV),DIJADIKAN SESUAI,10.2.1,Desain Komunikasi Visual,92,,KOSONG,,,0,,KOSONG,,,0,,KOSONG,,,0
44,Aceh,Kabupaten Aceh Utara,10108219,SMK NEGERI 1 TANAH LUAS,Teknik Sepeda Motor,MATCHED EXACT,2.2.2,Teknik Sepeda Motor,100,Desain Komunikasi Visual,MATCHED EXACT,10.2.1,Desain Komunikasi Visual,100,Pengelasan,DIJADIKAN SESUAI,2.3.1,Teknik Pengelasan,95,,KOSONG,,,0,,KOSONG,,,0
45,Aceh,Kabupaten Aceh Utara,69759159,SMK NEGERI 1 BAKTIYA,Teknik Sepeda Motor,MATCHED EXACT,2.2.2,Teknik Sepeda Motor,100,Rekayasa Perangkat Lunak,MATCHED EXACT,4.1.1,Rekayasa Perangkat Lunak,100,,KOSONG,,,0,,KOSONG,,,0,,KOSONG,,,0
46,Aceh,Kabupaten Aceh Utara,10106278,SMK NEGERI 1 MUARA BATU,Teknik Sepeda Motor,MATCHED EXACT,2.2.2,Teknik Sepeda Motor,100,Nautika Kapal Penangkap Ikan,MATCHED EXACT,7.2.1,Nautika Kapal Penangkap Ikan,100,,KOSONG,,,0,,KOSONG,,,0,,KOSONG,,,0
47,Aceh,Kabupaten Aceh Utara,10108220,SMK NEGERI 1 SYAMTALIRA ARON,Desain dan Produksi Busana,MATCHED EXACT,10.7.1,Desain dan Produksi Busana,100,,KOSONG,,,0,,KOSONG,,,0,,KOSONG,,,0,,KOSONG,,,0
48,Aceh,Kabupaten Aceh Utara,69726919,SMK SWASTA HUMANIORA,Teknik Sepeda Motor,MATCHED EXACT,2.2.2,Teknik Sepeda Motor,100,,KOSONG,,,0,,KOSONG,,,0,,KOSONG,,,0,,KOSONG,,,0
49,Aceh,Kabupaten Aceh Utara,70035709,SMK SWASTA ANEUK LAOT,Desain dan Produksi Busana,MATCHED EXACT,10.7.1,Desain dan Produksi Busana,100,,KOSONG,,,0,,KOSONG,,,0,,KOSONG,,,0,,KOSONG,,,0
50,Aceh,Kabupaten Aceh Utara,70036211,SMK Swasta IT Manahilul Irfan,Kuliner,MATCHED EXACT,9.3.1,Kuliner,100,,KOSONG,,,0,,KOSONG,,,0,,KOSONG,,,0,,KOSONG,,,0
51,Aceh,Kabupaten Aceh Utara,70006104,SMK SWASTA NURUL YAQIN,Agribisnis Tanaman Pangan dan Hortikultura,MATCHED EXACT,6.1.2,Agribisnis Tanaman Pangan dan Hortikultura,100,,KOSONG,,,0,,KOSONG,,,0,,KOSONG,,,0,,KOSONG,,,0
52,Aceh,Kabupaten Aceh Utara,10108221,SMKS TERPADU AL AZHAR,Teknik Audio Video,MATCHED EXACT,2.5.1,Teknik Audio Video,100,Layanan Penunjang Keperawatan dan cargiving,MATCHED EXACT,5.1.1,Layanan Penunjang Keperawatan dan Caregiving,100,,KOSONG,,,0,,KOSONG,,,0,,KOSONG,,,0
53,Aceh,Kabupaten Aceh Utara,69988419,SMK Al Fhattani,Desain dan Produksi Busana,MATCHED EXACT,10.7.1,Desain dan Produksi Busana,100,,KOSONG,,,0,,KOSONG,,,0,,KOSONG,,,0,,KOSONG,,,0
54,Aceh,Kabupaten Aceh Utara,69970964,SMKS Kafilul Yatim,Teknik Sepeda Motor,MATCHED EXACT,2.2.2,Teknik Sepeda Motor,100,,KOSONG,,,0,,KOSONG,,,0,,KOSONG,,,0,,KOSONG,,,0
55,Aceh,Kabupaten Bener Meriah,69972330,SMKN 5 BENER MERIAH,Teknik Kendaraan Ringan,MATCHED EXACT,2.2.1,Teknik Kendaraan Ringan,100,Agribisnis Pengolahan Hasil Pertanian,MATCHED EXACT,6.5.1,Agribisnis Pengolahan Hasil Pertanian,100,,KOSONG,,,0,,KOSONG,,,0,,KOSONG,,,0
56,Aceh,Kabupaten Bireuen,10107107,SMK NEGERI 1 JEUNIEB,TEKNIKA KAPAL PENANGKAPAN IKAN ( TKPI),DIJADIKAN SESUAI,7.1.1,Teknika Kapal Penangkap Ikan,76,,KOSONG,,,0,,KOSONG,,,0,,KOSONG,,,0,,KOSONG,,,0
57,Aceh,Kabupaten Bireuen,69945354,SMK SWASTA AL-HIDAYAH,Desain dan Produksi Busana,MATCHED EXACT,10.7.1,Desain dan Produksi Busana,100,,KOSONG,,,0,,KOSONG,,,0,,KOSONG,,,0,,KOSONG,,,0
58,Aceh,Kabupaten Bireuen,10107109,SMK NEGERI 1 JEUMPA,Teknik Sepeda Motor,MATCHED EXACT,2.2.2,Teknik Sepeda Motor,100,,KOSONG,,,0,,KOSONG,,,0,,KOSONG,,,0,,KOSONG,,,0
59,Aceh,Kabupaten Bireuen,10103755,SMK Kesehatan Muhammadiyah Bireuen,LAYANAN PENUNJANG KEPERAWATAN DAN CAREGIVING,MATCHED EXACT,5.1.1,Layanan Penunjang Keperawatan dan Caregiving,100,,KOSONG,,,0,,KOSONG,,,0,,KOSONG,,,0,,KOSONG,,,0
60,Aceh,Kabupaten Bireuen,10113428,SMK-PP NEGERI BIREUEN,Agribisnis Tanaman Pangan dan Hortikultura,MATCHED EXACT,6.1.2,Agribisnis Tanaman Pangan dan Hortikultura,100,,KOSONG,,,0,,KOSONG,,,0,,KOSONG,,,0,,KOSONG,,,0
61,Aceh,Kabupaten Gayo Lues,10104541,SMK NEGERI 1 GAYO LUES,Teknik Kendaraan Ringan,MATCHED EXACT,2.2.1,Teknik Kendaraan Ringan,100,,KOSONG,,,0,,KOSONG,,,0,,KOSONG,,,0,,KOSONG,,,0
62,Aceh,Kabupaten Pidie,10100635,SMK NEGERI 1 SIGLI,Desain dan Produksi Busana,MATCHED EXACT,10.7.1,Desain dan Produksi Busana,100,Kuliner,MATCHED EXACT,9.3.1,Kuliner,100,Desain Komunikasi Visual,MATCHED EXACT,10.2.1,Desain Komunikasi Visual,100,,KOSONG,,,0,,KOSONG,,,0
63,Aceh,Kabupaten Pidie,10100633,SMKS LILAWANGSA SIGLI,farmasi klinis dan komunitas,DIJADIKAN SESUAI,5.3.1,Layanan Penunjang Kefarmasian Klinis dan Komunitas,96,,KOSONG,,,0,,KOSONG,,,0,,KOSONG,,,0,,KOSONG,,,0
64,Aceh,Kabupaten Pidie,69753602,SMK NEGERI MANE,Teknik Sepeda Motor,MATCHED EXACT,2.2.2,Teknik Sepeda Motor,100,,KOSONG,,,0,,KOSONG,,,0,,KOSONG,,,0,,KOSONG,,,0
65,Aceh,Kabupaten Pidie,10110275,SMK NEGERI 3 SIGLI,Teknik Komputer dan Jaringan,MATCHED EXACT,4.2.1,Teknik Komputer dan Jaringan,100,Desain Komunikasi Visual (DKV),DIJADIKAN SESUAI,10.2.1,Desain Komunikasi Visual,92,,KOSONG,,,0,,KOSONG,,,0,,KOSONG,,,0
66,Aceh,Kabupaten Pidie Jaya,10111806,SMK NEGERI 1 BANDAR DUA,Teknik Kendaraan Ringan,MATCHED EXACT,2.2.1,Teknik Kendaraan Ringan,100,Tata Busana,DIJADIKAN SESUAI,10.7.1,Desain dan Produksi Busana,96,,KOSONG,,,0,,KOSONG,,,0,,KOSONG,,,0
67,Aceh,Kabupaten Pidie Jaya,10112857,SMK NEGERI ULIM,Teknik Sepeda Motor,MATCHED EXACT,2.2.2,Teknik Sepeda Motor,100,Teknik Sepeda Motor,MATCHED EXACT,2.2.2,Teknik Sepeda Motor,100,Ternak Unggas,DIJADIKAN SESUAI,6.2.2,Agribisnis Ternak Unggas,96,,KOSONG,,,0,,KOSONG,,,0
68,Aceh,Kabupaten Pidie Jaya,69972006,SMK BUDI,Teknik Instalasi Tenaga Listrik,MATCHED EXACT,3.1.1,Teknik Instalasi Tenaga Listrik,100,,KOSONG,,,0,,KOSONG,,,0,,KOSONG,,,0,,KOSONG,,,0
69,Aceh,Kabupaten Pidie Jaya,10112856,SMKN TRIENGGADENG,Teknik Sepeda Motor,MATCHED EXACT,2.2.2,Teknik Sepeda Motor,100,ATP,DIJADIKAN SESUAI,6.1.2,Agribisnis Tanaman Pangan dan Hortikultura,94,,KOSONG,,,0,,KOSONG,,,0,,KOSONG,,,0
70,Aceh,Kabupaten Pidie Jaya,69950731,SMK UMMUL AYMAN 2,Desain dan Produksi Busana,MATCHED EXACT,10.7.1,Desain dan Produksi Busana,100,,KOSONG,,,0,,KOSONG,,,0,,KOSONG,,,0,,KOSONG,,,0
71,Aceh,Kabupaten Simeulue,10112509,SMK NEGERI 1 SALANG,AGRIBISNIS TERNAK UNGGAS,MATCHED EXACT,6.2.2,Agribisnis Ternak Unggas,100,,KOSONG,,,0,,KOSONG,,,0,,KOSONG,,,0,,KOSONG,,,0
72,Aceh,Kabupaten Simeulue,10103348,SMK Negeri 2 Sinabang,Teknik Kendaraan Ringan,MATCHED EXACT,2.2.1,Teknik Kendaraan Ringan,100,,KOSONG,,,0,,KOSONG,,,0,,KOSONG,,,0,,KOSONG,,,0
73,Aceh,Kabupaten Simeulue,10111947,SMK NEGERI 1 TEUPAH TENGAH,Agribisnis Tanaman Pangan dan Hortikultura,MATCHED EXACT,6.1.2,Agribisnis Tanaman Pangan dan Hortikultura,100,,KOSONG,,,0,,KOSONG,,,0,,KOSONG,,,0,,KOSONG,,,0
74,Aceh,Kabupaten Simeulue,69896252,SMK NEGERI 1 SIMEULUE CUT,Agribisnis Tanaman Pangan dan Hortikultura,MATCHED EXACT,6.1.2,Agribisnis Tanaman Pangan dan Hortikultura,100,,KOSONG,,,0,,KOSONG,,,0,,KOSONG,,,0,,KOSONG,,,0
75,Aceh,Kota Langsa,10105724,SMK NEGERI 2 LANGSA,Teknik Kendaraan Ringan (TKR),DIJADIKAN SESUAI,2.2.1,Teknik Kendaraan Ringan,92,Teknik Elektronika Industri,MATCHED EXACT,2.5.3,Teknik Elektronika Industri,100,TPTU,DIJADIKAN SESUAI,6.2.1,Agribisnis Ternak Ruminansia,92,,KOSONG,,,0,,KOSONG,,,0
76,Aceh,Kota Langsa,10113917,SMK NEGERI 6 LANGSA,Layanan Penunjang Keperawatan dan caregiving,MATCHED EXACT,5.1.1,Layanan Penunjang Keperawatan dan Caregiving,100,,KOSONG,,,0,,KOSONG,,,0,,KOSONG,,,0,,KOSONG,,,0
77,Aceh,Kota Langsa,10107115,SMK NEGERI 5 LANGSA,Teknik Jaringan Akses Telekomunikasi,MATCHED EXACT,4.2.2,Teknik Jaringan Akses Telekomunikasi,100,,KOSONG,,,0,,KOSONG,,,0,,KOSONG,,,0,,KOSONG,,,0
78,Aceh,Kota Lhokseumawe,10105628,SMK NEGERI 4 LHOKSEUMAWE,Teknik Kendaraan Ringan,MATCHED EXACT,2.2.1,Teknik Kendaraan Ringan,100,"Teknik Energi Surya, Hidro, dan Angin",MATCHED EXACT,3.2.1,"Teknik Energi Surya, Hidro, dan Angin",100,,KOSONG,,,0,,KOSONG,,,0,,KOSONG,,,0
79,Aceh,Kota Lhokseumawe,10105629,SMKS KARYA BERINGIN,Teknik Sepeda Motor,MATCHED EXACT,2.2.2,Teknik Sepeda Motor,100,,KOSONG,,,0,,KOSONG,,,0,,KOSONG,,,0,,KOSONG,,,0
80,Aceh,Kota Lhokseumawe,10110714,SMKN 5 LHOKSEUMAWE,Design Pemodelan dan Informasi Bangunan,DIJADIKAN SESUAI,1.1.1,Teknik Perawatan Gedung,91,,KOSONG,,,0,,KOSONG,,,0,,KOSONG,,,0,,KOSONG,,,0
81,Aceh,Kota Lhokseumawe,10111838,SMK NEGERI 7 LHOKSEUMAWE,Teknik Sepeda Motor,MATCHED EXACT,2.2.2,Teknik Sepeda Motor,100,Teknik Kendaraan Ringan,MATCHED EXACT,2.2.1,Teknik Kendaraan Ringan,100,,KOSONG,,,0,,KOSONG,,,0,,KOSONG,,,0
82,Aceh,Kota Lhokseumawe,10110650,SMKS ULUMUDDIN,Desain Komunikasi Visual (DKV),DIJADIKAN SESUAI,10.2.1,Desain Komunikasi Visual,92,,KOSONG,,,0,,KOSONG,,,0,,KOSONG,,,0,,KOSONG,,,0
83,Aceh,Kota Lhokseumawe,70003663,SMK IT Pesantren Tabina Aceh,Teknik Mekanik Industri,MATCHED EXACT,2.1.2,Teknik Mekanik Industri,100,,KOSONG,,,0,,KOSONG,,,0,,KOSONG,,,0,,KOSONG,,,0
84,Aceh,Langsa,10105704,SMK N 1 LANGSA,Akuntansi,MATCHED EXACT,8.3.3,Akuntansi,100,Management Perkantoran,DIJADIKAN SESUAI,8.2.1,Manajemen Perkantoran,85,,KOSONG,,,0,,KOSONG,,,0,,KOSONG,,,0
85,Aceh,Lhokseumawe,10105625,SMK NEGERI 1 LHOKSEUMAWE,Teknik Komputer dan Jaringan,MATCHED EXACT,4.2.1,Teknik Komputer dan Jaringan,100,Rekayasa Perangkat Lunak,MATCHED EXACT,4.1.1,Rekayasa Perangkat Lunak,100,Manajemen Perkantoran,MATCHED EXACT,8.2.1,Manajemen Perkantoran,100,,KOSONG,,,0,,KOSONG,,,0
86,Aceh,Lhokseumawe,10105627,SMK NEGERI 3 LHOKSEUMAWE,Bisnis Digital,MATCHED EXACT,8.1.1,Bisnis Digital,100,Akuntansi,MATCHED EXACT,8.3.3,Akuntansi,100,Manajemen Perkantoran,MATCHED EXACT,8.2.1,Manajemen Perkantoran,100,Layanan Perbankan Syariah,MATCHED EXACT,8.3.2,Layanan Perbankan Syariah,100,,KOSONG,,,0
87,Aceh,Lhokseumawe,10105626,SMK NEGERI 2 LHOKSEUMAWE,Desain dan Produksi Busana,MATCHED EXACT,10.7.1,Desain dan Produksi Busana,100,,KOSONG,,,0,,KOSONG,,,0,,KOSONG,,,0,,KOSONG,,,0
88,Aceh,Lhokseumawe,69758278,SMKN 8 LHOKSEUMAWE,Layanan Penunjang Laboratorium Medik,MATCHED EXACT,5.2.1,Layanan Penunjang Laboratorium Medik,100,,KOSONG,,,0,,KOSONG,,,0,,KOSONG,,,0,,KOSONG,,,0
89,Aceh,Lhokseumawe,10110769,SMKN 6 Lhokseumawe,Agribisnis Pengolahan Hasil Perikanan,MATCHED EXACT,6.5.2,Agribisnis Pengolahan Hasil Perikanan,100,,KOSONG,,,0,,KOSONG,,,0,,KOSONG,,,0,,KOSONG,,,0
90,Aceh,Lhokseumawe,10111502,SMK SWASTA MUHAMMADIYAH LHOKSUKON,Manajemen Perkantoran,MATCHED EXACT,8.2.1,Manajemen Perkantoran,100,,KOSONG,,,0,,KOSONG,,,0,,KOSONG,,,0,,KOSONG,,,0
91,Aceh,Pidie Jaya,10112855,SMKN 1 BANDAR BARU,Teknik Sepeda Motor,MATCHED EXACT,2.2.2,Teknik Sepeda Motor,100,,KOSONG,,,0,,KOSONG,,,0,,KOSONG,,,0,,KOSONG,,,0
92,Aceh,Pidie Jaya,10100617,SMK SWASTA MUTIARA,Akuntansi,MATCHED EXACT,8.3.3,Akuntansi,100,,KOSONG,,,0,,KOSONG,,,0,,KOSONG,,,0,,KOSONG,,,0
93,Aceh,Simeulu,10111935,SMK NEGERI 1 TEUPAH SELATAN,Desain dan Produksi Busana,MATCHED EXACT,10.7.1,Desain dan Produksi Busana,100,,KOSONG,,,0,,KOSONG,,,0,,KOSONG,,,0,,KOSONG,,,0
94,Aceh,Simeulue,10103347,SMK NEGERI 1 SINABANG,Desain dan Produksi Busana,MATCHED EXACT,10.7.1,Desain dan Produksi Busana,100,,KOSONG,,,0,,KOSONG,,,0,,KOSONG,,,0,,KOSONG,,,0
95,Aceh,Simeulue,69949251,SMK NEGERI PERIKANAN SIMEULUE BARAT,Agribisnis Perikanan Air Payau dan Laut,DIJADIKAN SESUAI,6.3.2,Agribisnis Perikanan Payau dan Laut,98,,KOSONG,,,0,,KOSONG,,,0,,KOSONG,,,0,,KOSONG,,,0
96,Aceh,Simeulue,10111684,SMK Negeri 3 Sinabang,Agribisnis Perikanan Air Payau dan Laut,DIJADIKAN SESUAI,6.3.2,Agribisnis Perikanan Payau dan Laut,98,,KOSONG,,,0,,KOSONG,,,0,,KOSONG,,,0,,KOSONG,,,0
97,Sumatera Barat,Kabupaten Pasaman,69754554,SMKN 1 SIMPANG ALAHAN MATI,Teknik Sepeda Motor,MATCHED EXACT,2.2.2,Teknik Sepeda Motor,100,Teknik Komputer Jaringan,MATCHED EXACT,4.2.1,Teknik Komputer dan Jaringan,100,,KOSONG,,,0,,KOSONG,,,0,,KOSONG,,,0
98,Sumatera Barat,Kabupaten Pasaman Barat,10310878,SMK N 1 RANAH BATAHAN,Pengelasan,DIJADIKAN SESUAI,2.3.1,Teknik Pengelasan,95,Teknik Audio Video,MATCHED EXACT,2.5.1,Teknik Audio Video,100,,KOSONG,,,0,,KOSONG,,,0,,KOSONG,,,0
99,Sumatera Barat,Kabupaten Pasaman Barat,10306135,SMK N 1 SASAK RANAH PASISIE,Agribisnis Perikanan Air Tawar (APAT),DIJADIKAN SESUAI,6.3.3,Agribisnis Perikanan Air Tawar,94,Teknik Bisnis Sepeda Motor,DIJADIKAN SESUAI,2.2.2,Teknik Sepeda Motor,78,,KOSONG,,,0,,KOSONG,,,0,,KOSONG,,,0
100,Sumatera Barat,Kabupaten Pesisir Selatan,10301946,SMKS TEKNOLOGI LENGAYANG,Teknik Sepeda Motor,MATCHED EXACT,2.2.2,Teknik Sepeda Motor,100,Teknik Instalasi Tenaga Listrik,MATCHED EXACT,3.1.1,Teknik Instalasi Tenaga Listrik,100,,KOSONG,,,0,,KOSONG,,,0,,KOSONG,,,0
101,Sumatera Utara,Kabupaten Langkat,10220646,SMKN 1 TANJUNG PURA,Teknik Kendaraan Ringan,MATCHED EXACT,2.2.1,Teknik Kendaraan Ringan,100,Teknik Sepeda Motor,MATCHED EXACT,2.2.2,Teknik Sepeda Motor,100,,KOSONG,,,0,,KOSONG,,,0,,KOSONG,,,0
102,Sumatera Utara,Kabupaten Tapanuli Tengah,10260493,SMKN 1 LUMUT,Teknik Kendaraan Ringan,MATCHED EXACT,2.2.1,Teknik Kendaraan Ringan,100,Teknik Sepeda Motor,MATCHED EXACT,2.2.2,Teknik Sepeda Motor,100,,KOSONG,,,0,,KOSONG,,,0,,KOSONG,,,0
103,Sumatera Utara,Kabupaten Langkat,69953551,SMK SWASTA TAMAN SISWA PADANG TUALANG,Teknik Kendaraan  Ringan,MATCHED EXACT,2.2.1,Teknik Kendaraan Ringan,100,,KOSONG,,,0,,KOSONG,,,0,,KOSONG,,,0,,KOSONG,,,0
104,Sumatera Utara,Kabupaten Langkat,10259372,SMKS SRI LANGKAT,Teknik Kendaraan Ringan,MATCHED EXACT,2.2.1,Teknik Kendaraan Ringan,100,,KOSONG,,,0,,KOSONG,,,0,,KOSONG,,,0,,KOSONG,,,0
105,Sumatera Utara,Kabupaten Langkat,10220747,SMK SWASTA TAMAN SISWA SAWIT SEBERANG,Teknik Kendaraan Ringan,MATCHED EXACT,2.2.1,Teknik Kendaraan Ringan,100,Teknik Sepeda Motor,MATCHED EXACT,2.2.2,Teknik Sepeda Motor,100,,KOSONG,,,0,,KOSONG,,,0,,KOSONG,,,0
106,Sumatera Utara,Kota Medan,69727256,SMK Swasta Imelda Medan,Teknik Sepeda Motor,MATCHED EXACT,2.2.2,Teknik Sepeda Motor,100,Teknik Instalasi Tenaga Listrik,MATCHED EXACT,3.1.1,Teknik Instalasi Tenaga Listrik,100,,KOSONG,,,0,,KOSONG,,,0,,KOSONG,,,0
107,Sumatera Utara,Kabupaten Tapanuli Tengah,70044057,SMK Negeri 1 Sukabangun,Teknik Sepeda Motor,MATCHED EXACT,2.2.2,Teknik Sepeda Motor,100,,KOSONG,,,0,,KOSONG,,,0,,KOSONG,,,0,,KOSONG,,,0
108,Sumatera Utara,Kota Medan,10211209,SMK TI SWASTA BUDI AGUNG MEDAN,Teknik Kendaraan Ringan,MATCHED EXACT,2.2.1,Teknik Kendaraan Ringan,100,,KOSONG,,,0,,KOSONG,,,0,,KOSONG,,,0,,KOSONG,,,0
109,Sumatera Utara,Kabupaten Mandailing Natal,10208081,SMKN 1 BATANG NATAL,Teknik Komputer dan Jaringan,MATCHED EXACT,4.2.1,Teknik Komputer dan Jaringan,100,Teknik Audio Video,MATCHED EXACT,2.5.1,Teknik Audio Video,100,,KOSONG,,,0,,KOSONG,,,0,,KOSONG,,,0
110,Sumatera Utara,Kabupaten Langkat,69956351,SMK SWASTA TARUNA BANGSA,Teknik Sepeda Motor,MATCHED EXACT,2.2.2,Teknik Sepeda Motor,100,,KOSONG,,,0,,KOSONG,,,0,,KOSONG,,,0,,KOSONG,,,0
111,Sumatera Utara,Kabupaten Tapanuli Utara,10220604,SMKN 1 PAHAE JULU,Teknik Instalasi Tenaga Listrik,MATCHED EXACT,3.1.1,Teknik Instalasi Tenaga Listrik,100,,KOSONG,,,0,,KOSONG,,,0,,KOSONG,,,0,,KOSONG,,,0
112,Sumatera Utara,Kabupaten Langkat,10201068,SMK PERSIAPAN PADANG TUALANG,Teknik Kendaraan Ringan,MATCHED EXACT,2.2.1,Teknik Kendaraan Ringan,100,Teknik Sepeda Motor,MATCHED EXACT,2.2.2,Teknik Sepeda Motor,100,,KOSONG,,,0,,KOSONG,,,0,,KOSONG,,,0
113,Sumatera Utara,Kabupaten Langkat,10259283,SMKS AL-MA'ARIF,Teknik Sepeda Motor,MATCHED EXACT,2.2.2,Teknik Sepeda Motor,100,,KOSONG,,,0,,KOSONG,,,0,,KOSONG,,,0,,KOSONG,,,0
114,Sumatera Utara,Kabupaten Tapanuli Tengah,10260526,SMKN 1 BADIRI,Desain dan Produksi Busana,MATCHED EXACT,10.7.1,Desain dan Produksi Busana,100,,KOSONG,,,0,,KOSONG,,,0,,KOSONG,,,0,,KOSONG,,,0
115,Sumatera Utara,Kabupaten Langkat,69725097,SMK SWASTA AL HIKMAH,Teknik Sepeda Motor,MATCHED EXACT,2.2.2,Teknik Sepeda Motor,100,,KOSONG,,,0,,KOSONG,,,0,,KOSONG,,,0,,KOSONG,,,0
116,Sumatera Utara,Kota Medan,10210765,SMKN 8 MEDAN,Desain dan Produksi Busana,MATCHED EXACT,10.7.1,Desain dan Produksi Busana,100,,KOSONG,,,0,,KOSONG,,,0,,KOSONG,,,0,,KOSONG,,,0
117,Sumatera Utara,Kabupaten Langkat,10257578,SMKS AL JAMIYATUL WASHLIYAH,Teknik Komputer Jaringan,MATCHED EXACT,4.2.1,Teknik Komputer dan Jaringan,100,,KOSONG,,,0,,KOSONG,,,0,,KOSONG,,,0,,KOSONG,,,0
118,Sumatera Utara,Kabupaten Langkat,69956580,SMK SWASTA AL-MAKSUM YAZID,Teknik Komputer  Jaringan,MATCHED EXACT,4.2.1,Teknik Komputer dan Jaringan,100,,KOSONG,,,0,,KOSONG,,,0,,KOSONG,,,0,,KOSONG,,,0
119,Sumatera Utara,Kabupaten Langkat,10259709,SMKS MAJU,Teknik Komputer dan Jaringan,MATCHED EXACT,4.2.1,Teknik Komputer dan Jaringan,100,,KOSONG,,,0,,KOSONG,,,0,,KOSONG,,,0,,KOSONG,,,0
120,Sumatera Utara,Kab. Tapanuli Tengah,10206597,SMKS TI MUHAMMADIYAH 11 SIBULUAN,Teknik Bisnis Sepeda Motor,DIJADIKAN SESUAI,2.2.2,Teknik Sepeda Motor,78,,KOSONG,,,0,,KOSONG,,,0,,KOSONG,,,0,,KOSONG,,,0
121,Sumatera Utara,Kab. Langkat,10201331,SMKS HARAPAN BABALAN,Manajemen Perkantoran,MATCHED EXACT,8.2.1,Manajemen Perkantoran,100,,KOSONG,,,0,,KOSONG,,,0,,KOSONG,,,0,,KOSONG,,,0
122,Sumatera Utara,Kab. Langkat,10260514,SMKS MUHAMMADIYAH 18 P BERANDAN,Teknik Komputer Jaringan,MATCHED EXACT,4.2.1,Teknik Komputer dan Jaringan,100,,KOSONG,,,0,,KOSONG,,,0,,KOSONG,,,0,,KOSONG,,,0
123,Sumatera Utara,Kota Medan,10211076,SMKS YWKA Medan,Manajemen Perkantoran,MATCHED EXACT,8.2.1,Manajemen Perkantoran,100,,KOSONG,,,0,,KOSONG,,,0,,KOSONG,,,0,,KOSONG,,,0
124,Sumatera Utara,Kab. Tapanuli Tengah,10260540,SMK NEGERI 1 TAPIAN NAULI,Teknik Komputer Jaringan,MATCHED EXACT,4.2.1,Teknik Komputer dan Jaringan,100,,KOSONG,,,0,,KOSONG,,,0,,KOSONG,,,0,,KOSONG,,,0
125,Sumatera Utara,Kab. Mandailing Natal,10208082,SMKN 1 NATAL,Teknik Komputer Jaringan,MATCHED EXACT,4.2.1,Teknik Komputer dan Jaringan,100,,KOSONG,,,0,,KOSONG,,,0,,KOSONG,,,0,,KOSONG,,,0
126,Sumatera Utara,Kabupaten Langkat,10220748,SMKS YPII TANJUNG PURA,Teknik Komputer Jaringan,MATCHED EXACT,4.2.1,Teknik Komputer dan Jaringan,100,,KOSONG,,,0,,KOSONG,,,0,,KOSONG,,,0,,KOSONG,,,0
127,Sumatera Utara,Kab. Tapanuli Selatan,10220618,SMKN 1 BATANGTORU,Agribisnis Tanaman Pangan dan Hortikultura,MATCHED EXACT,6.1.2,Agribisnis Tanaman Pangan dan Hortikultura,100,,KOSONG,,,0,,KOSONG,,,0,,KOSONG,,,0,,KOSONG,,,0
128,Sumatera Utara,Kabupaten Tapanuli Selatan,60725063,SMKN 2 BATANG TORU,Teknik Alat Berat,MATCHED EXACT,2.2.3,Teknik Alat Berat,100,,KOSONG,,,0,,KOSONG,,,0,,KOSONG,,,0,,KOSONG,,,0
129,Sumatera Utara,Kabupaten Tapanuli Utara,10220208,SMKN LOSIDA SIATAS BARITA,Teknik Komputer Jaringan,MATCHED EXACT,4.2.1,Teknik Komputer dan Jaringan,100,,KOSONG,,,0,,KOSONG,,,0,,KOSONG,,,0,,KOSONG,,,0
130,Sumatera Utara,Kab. Langkat,10201070,SMKS PEMBANGUNAN NASIONAL PANGKALAN SUSU,Manajemen Perkantoran,MATCHED EXACT,8.2.1,Manajemen Perkantoran,100,,KOSONG,,,0,,KOSONG,,,0,,KOSONG,,,0,,KOSONG,,,0
131,Sumatera Utara,Kab. Langkat,69937373,SMK SWASTA KESEHATAN RACHMAD INSANI,Keperawatan,DIJADIKAN SESUAI,5.1.1,Layanan Penunjang Keperawatan dan Caregiving,93,,KOSONG,,,0,,KOSONG,,,0,,KOSONG,,,0,,KOSONG,,,0