No,Provinsi,Kabupaten/Kota,NPSN,Nama Sekolah,Pagu persiapan,Pagu pelatihan,Pagu Alat,Paagu Final
1,Aceh,Aceh Barat Daya,10110535,SMK Negeri 3 Aceh Barat Daya,"9,160,000","40,000,000","2,960,000,000","3,009,160,000"
2,Aceh,Aceh Barat Daya,10110536,SMK NEGERI 2 ACEH BARAT DAYA,"9,160,000","30,000,000","2,570,000,000","2,609,160,000"
3,Aceh,Aceh Barat Daya,10110273,SMKN 1 Arongan Lambalek,"9,160,000","30,000,000","1,970,000,000","2,009,160,000"
4,Aceh,Aceh Barat Daya,10110537,SMK NEGERI 5 ACEH BARAT DAYA,"9,160,000","20,000,000","1,580,000,000","1,609,160,000"
5,Aceh,Aceh Selatan,10102743,SMK NEGERI 1 TRUMON TIMUR,"9,160,000","30,000,000","1,970,000,000","2,009,160,000"
6,Aceh,Aceh Singkil,10104057,SMKN 1 SINGKIL UTARA,"9,160,000","40,000,000","2,960,000,000","3,009,160,000"
7,Aceh,Aceh Tamiang,60726644,SMKN 1 KUALASIMPANG,"9,160,000","20,000,000","1,380,000,000","1,409,160,000"
8,Aceh,Aceh Tengah,70003115,SMK NEGERI 5 TAKENGON,"9,160,000","20,000,000","1,180,000,000","1,209,160,000"
9,Aceh,Aceh tenggara,10112892,SMK SWASTA IT AL AMANAH,"9,160,000","20,000,000","1,380,000,000","1,409,160,000"
10,Aceh,Aceh tenggara,10110357,SMKS BADRUL ULUM,"9,160,000","20,000,000","1,180,000,000","1,209,160,000"
11,Aceh,Aceh Timur,69726324,SMKS Plus AMAL,"9,160,000","30,000,000","2,170,000,000","2,209,160,000"
12,Aceh,Aceh Utara,10106280,SMK NEGERI 1 BAKTIYA BARAT,"9,160,000","80,000,000","5,520,000,000","5,609,160,000"
13,Aceh,Aceh Utara,69909282,SMKN 1 Cot Girek,"9,160,000","60,000,000","3,940,000,000","4,009,160,000"
14,Aceh,Aceh Utara,10113067,SMK Negeri 1 Lapang,"9,160,000","40,000,000","3,160,000,000","3,209,160,000"
15,Aceh,Aceh Utara,69787116,SMKS TERPADU BABUSSALAM,"9,160,000","30,000,000","1,970,000,000","2,009,160,000"
16,Aceh,Aceh Utara,10113041,SMK FARMASI CITRA BANGSA,"9,160,000","20,000,000","1,580,000,000","1,609,160,000"
17,Aceh,aceh Utara,69943314,SMK Swasta Mubarrak Al-Waliyah,"9,160,000","20,000,000","980,000,000","1,009,160,000"
18,Aceh,Aceh Utara,70049631,SMK SWASTA TASTAFI,"9,160,000","20,000,000","980,000,000","1,009,160,000"
19,Aceh,Bireuen,10107108,SMK Negeri 1 Peusangan,"9,160,000","60,000,000","3,940,000,000","4,009,160,000"
22,Aceh,Kabupaten Aceh Barat Daya,10104846,SMK NEGERI 1 ACEH BARAT DAYA,"9,160,000","100,000,000","8,300,000,000","8,409,160,000"
23,Aceh,Kabupaten Aceh Barat Daya,10110534,SMK NEGERI 4 ACEH BARAT DAYA,"9,160,000","50,000,000","3,350,000,000","3,409,160,000"
24,Aceh,Kabupaten Aceh Besar,60729112,SMKN 1  LHOKNGA,"9,160,000","50,000,000","3,350,000,000","3,409,160,000"
25,Aceh,Kabupaten Aceh Selatan,10113369,SMKS HIDAYATUL ANAM,"9,160,000","20,000,000","1,780,000,000","1,809,160,000"
26,Aceh,Kabupaten Aceh Singkil,69947031,SMK Swasta Muhammadiyah Singkil,"9,160,000","20,000,000","680,000,000","709,160,000"
27,Aceh,Kabupaten Aceh Tamiang,10108048,SMK NEGERI 2 KARANG BARU,"9,160,000","100,000,000","13,500,000,000","13,609,160,000"
28,Aceh,Kabupaten Aceh Tamiang,10110624,SMK NEGERI 1 BENDAHARA,"9,160,000","50,000,000","4,950,000,000","5,009,160,000"
29,Aceh,Kabupaten Aceh Tamiang,69966741,SMKS Sabilul Ulum,"9,160,000","50,000,000","3,350,000,000","3,409,160,000"
30,Aceh,Kabupaten Aceh Tamiang,10107161,SMKS SYUKRONIYAH,"9,160,000","40,000,000","2,960,000,000","3,009,160,000"
31,Aceh,Kabupaten Aceh Tamiang,10107158,SMKN 1 KARANG BARU,"9,160,000","30,000,000","2,370,000,000","2,409,160,000"
32,Aceh,Kabupaten Aceh Tamiang,10104267,SMK SWASTA MAIMUN HABSYAH KUALA SIMPANG,"9,160,000","30,000,000","2,170,000,000","2,209,160,000"
33,Aceh,Kabupaten Aceh Tamiang,10108049,SMK NEGERI 3 KARANG BARU,"9,160,000","30,000,000","2,170,000,000","2,209,160,000"
34,Aceh,Kabupaten Aceh Tamiang,70005918,SMK SWASTA MISRA,"9,160,000","20,000,000","1,580,000,000","1,609,160,000"
35,Aceh,Kabupaten Aceh Timur,10111334,SMK NEGERI 2 PEUREULAK,"9,160,000","80,000,000","5,320,000,000","5,409,160,000"
36,Aceh,Kabupaten Aceh Timur,10113344,SMK NEGERI 1 PEUREULAK,"9,160,000","70,000,000","4,730,000,000","4,809,160,000"
37,Aceh,Kabupaten Aceh Timur,69946304,SMK NEGERI 1 INDRA MAKMU,"9,160,000","60,000,000","4,340,000,000","4,409,160,000"
38,Aceh,Kabupaten Aceh Timur,10110606,SMK NEGERI 1 SIMPANG ULIM,"9,160,000","60,000,000","4,140,000,000","4,209,160,000"
39,Aceh,Kabupaten Aceh Timur,10113373,SMK NEGERI 1 PANTE BIDARI,"9,160,000","60,000,000","4,140,000,000","4,209,160,000"
40,Aceh,Kabupaten Aceh Timur,10111584,SMK NEGERI 1 LOKOP,"9,160,000","40,000,000","2,960,000,000","3,009,160,000"
41,Aceh,Kabupaten Aceh Timur,69990050,SMK NEGERI 1 NURUSSALAM,"9,160,000","40,000,000","2,960,000,000","3,009,160,000"
42,Aceh,Kabupaten Aceh Timur,10112170,SMK NEGERI 1 JULOK,"9,160,000","40,000,000","2,760,000,000","2,809,160,000"
43,Aceh,Kabupaten Aceh Utara,10108210,SMK NEGERI 1 TANAH JAMBO AYE,"9,160,000","90,000,000","6,510,000,000","6,609,160,000"
44,Aceh,Kabupaten Aceh Utara,10108219,SMK NEGERI 1 TANAH LUAS,"9,160,000","80,000,000","5,720,000,000","5,809,160,000"
45,Aceh,Kabupaten Aceh Utara,69759159,SMK NEGERI 1 BAKTIYA,"9,160,000","70,000,000","5,130,000,000","5,209,160,000"
46,Aceh,Kabupaten Aceh Utara,10106278,SMK NEGERI 1 MUARA BATU,"9,160,000","60,000,000","4,340,000,000","4,409,160,000"
47,Aceh,Kabupaten Aceh Utara,10108220,SMK NEGERI 1 SYAMTALIRA ARON,"9,160,000","50,000,000","3,350,000,000","3,409,160,000"
48,Aceh,Kabupaten Aceh Utara,69726919,SMK SWASTA HUMANIORA,"9,160,000","40,000,000","2,760,000,000","2,809,160,000"
49,Aceh,Kabupaten Aceh Utara,70035709,SMK SWASTA ANEUK LAOT,"9,160,000","30,000,000","2,570,000,000","2,609,160,000"
50,Aceh,Kabupaten Aceh Utara,70036211,SMK Swasta IT Manahilul Irfan,"9,160,000","20,000,000","1,780,000,000","1,809,160,000"
51,Aceh,Kabupaten Aceh Utara,70006104,SMK SWASTA NURUL YAQIN,"9,160,000","20,000,000","1,780,000,000","1,809,160,000"
52,Aceh,Kabupaten Aceh Utara,10108221,SMKS TERPADU AL AZHAR,"9,160,000","20,000,000","1,580,000,000","1,609,160,000"
53,Aceh,Kabupaten Aceh Utara,69988419,SMK Al Fhattani,"9,160,000","20,000,000","1,380,000,000","1,409,160,000"
54,Aceh,Kabupaten Aceh Utara,69970964,SMKS Kafilul Yatim,"9,160,000","20,000,000","1,380,000,000","1,409,160,000"
55,Aceh,Kabupaten Bener Meriah,69972330,SMKN 5 BENER MERIAH,"9,160,000","30,000,000","2,570,000,000","2,609,160,000"
56,Aceh,Kabupaten Bireuen,10107107,SMK NEGERI 1 JEUNIEB,"9,160,000","80,000,000","5,520,000,000","5,609,160,000"
57,Aceh,Kabupaten Bireuen,69945354,SMK SWASTA AL-HIDAYAH,"9,160,000","70,000,000","4,730,000,000","4,809,160,000"
58,Aceh,Kabupaten Bireuen,10107109,SMK NEGERI 1 JEUMPA,"9,160,000","40,000,000","2,960,000,000","3,009,160,000"
59,Aceh,Kabupaten Bireuen,10103755,SMK Kesehatan Muhammadiyah Bireuen,"9,160,000","30,000,000","2,570,000,000","2,609,160,000"
60,Aceh,Kabupaten Bireuen,10113428,SMK-PP NEGERI BIREUEN,"9,160,000","30,000,000","2,370,000,000","2,409,160,000"
61,Aceh,Kabupaten Gayo Lues,10104541,SMK NEGERI 1 GAYO LUES,"9,160,000","70,000,000","4,730,000,000","4,809,160,000"
62,Aceh,Kabupaten Pidie,10100635,SMK NEGERI 1 SIGLI,"9,160,000","70,000,000","4,830,000,000","4,909,160,000"
63,Aceh,Kabupaten Pidie,10100633,SMKS LILAWANGSA SIGLI,"9,160,000","60,000,000","3,940,000,000","4,009,160,000"
64,Aceh,Kabupaten Pidie,69753602,SMK NEGERI MANE,"9,160,000","50,000,000","3,550,000,000","3,609,160,000"
65,Aceh,Kabupaten Pidie,10110275,SMK NEGERI 3 SIGLI,"9,160,000","40,000,000","2,960,000,000","3,009,160,000"
66,Aceh,Kabupaten Pidie Jaya,10111806,SMK NEGERI 1 BANDAR DUA,"9,160,000","70,000,000","5,530,000,000","5,609,160,000"
67,Aceh,Kabupaten Pidie Jaya,10112857,SMK NEGERI ULIM,"9,160,000","60,000,000","4,540,000,000","4,609,160,000"
68,Aceh,Kabupaten Pidie Jaya,69972006,SMK BUDI,"9,160,000","50,000,000","3,750,000,000","3,809,160,000"
69,Aceh,Kabupaten Pidie Jaya,10112856,SMKN TRIENGGADENG,"9,160,000","40,000,000","2,960,000,000","3,009,160,000"
70,Aceh,Kabupaten Pidie Jaya,69950731,SMK UMMUL AYMAN 2,"9,160,000","30,000,000","2,570,000,000","2,609,160,000"
71,Aceh,Kabupaten Simeulue,10112509,SMK NEGERI 1 SALANG,"9,160,000","50,000,000","3,550,000,000","3,609,160,000"
72,Aceh,Kabupaten Simeulue,10103348,SMK Negeri 2 Sinabang,"9,160,000","40,000,000","3,160,000,000","3,209,160,000"
73,Aceh,Kabupaten Simeulue,10111947,SMK NEGERI 1 TEUPAH TENGAH,"9,160,000","30,000,000","2,570,000,000","2,609,160,000"
74,Aceh,Kabupaten Simeulue,69896252,SMK NEGERI 1 SIMEULUE CUT,"9,160,000","30,000,000","2,570,000,000","2,609,160,000"
75,Aceh,Kota Langsa,10105724,SMK NEGERI 2 LANGSA,"9,160,000","100,000,000","9,900,000,000","10,009,160,000"
76,Aceh,Kota Langsa,10113917,SMK NEGERI 6 LANGSA,"9,160,000","50,000,000","3,350,000,000","3,409,160,000"
77,Aceh,Kota Langsa,10107115,SMK NEGERI 5 LANGSA,"9,160,000","40,000,000","3,160,000,000","3,209,160,000"
78,Aceh,Kota Lhokseumawe,10105628,SMK NEGERI 4 LHOKSEUMAWE,"9,160,000","60,000,000","3,940,000,000","4,009,160,000"
79,Aceh,Kota Lhokseumawe,10105629,SMKS KARYA BERINGIN,"9,160,000","40,000,000","3,160,000,000","3,209,160,000"
80,Aceh,Kota Lhokseumawe,10110714,SMKN 5 LHOKSEUMAWE,"9,160,000","40,000,000","2,960,000,000","3,009,160,000"
81,Aceh,Kota Lhokseumawe,10111838,SMK NEGERI 7 LHOKSEUMAWE,"9,160,000","40,000,000","2,960,000,000","3,009,160,000"
82,Aceh,Kota Lhokseumawe,10110650,SMKS ULUMUDDIN,"9,160,000","30,000,000","2,570,000,000","2,609,160,000"
83,Aceh,Kota Lhokseumawe,70003663,SMK IT Pesantren Tabina Aceh,"9,160,000","30,000,000","2,170,000,000","2,209,160,000"
84,Aceh,Langsa,10105704,SMK N 1 LANGSA,"9,160,000","30,000,000","2,170,000,000","2,209,160,000"
85,Aceh,Lhokseumawe,10105625,SMK NEGERI 1 LHOKSEUMAWE,"9,160,000","70,000,000","5,130,000,000","5,209,160,000"
86,Aceh,Lhokseumawe,10105627,SMK NEGERI 3 LHOKSEUMAWE,"9,160,000","40,000,000","2,760,000,000","2,809,160,000"
87,Aceh,Lhokseumawe,10105626,SMK NEGERI 2 LHOKSEUMAWE,"9,160,000","40,000,000","2,760,000,000","2,809,160,000"
88,Aceh,Lhokseumawe,69758278,SMKN 8 LHOKSEUMAWE,"9,160,000","30,000,000","2,570,000,000","2,609,160,000"
89,Aceh,Lhokseumawe,10110769,SMKN 6 Lhokseumawe,"9,160,000","30,000,000","2,170,000,000","2,209,160,000"
90,Aceh,Lhokseumawe,10111502,SMK SWASTA MUHAMMADIYAH LHOKSUKON,"9,160,000","20,000,000","680,000,000","709,160,000"
91,Aceh,Pidie Jaya,10112855,SMKN 1 BANDAR BARU,"9,160,000","20,000,000","1,780,000,000","1,809,160,000"
92,Aceh,Pidie Jaya,10100617,SMK SWASTA MUTIARA,"9,200,000","20,000,000","380,000,000","409,200,000"
93,Aceh,Simeulu,10111935,SMK NEGERI 1 TEUPAH SELATAN,"9,160,000","20,000,000","1,780,000,000","1,809,160,000"
94,Aceh,Simeulue,10103347,SMK NEGERI 1 SINABANG,"9,160,000","40,000,000","2,760,000,000","2,809,160,000"
95,Aceh,Simeulue,69949251,SMK NEGERI PERIKANAN SIMEULUE BARAT,"9,160,000","30,000,000","1,970,000,000","2,009,160,000"
96,Aceh,Simeulue,10111684,SMK Negeri 3 Sinabang,"9,160,000","20,000,000","980,000,000","1,009,160,000"
97,Sumatera Barat,Kabupaten Pasaman,69754554,SMKN 1 SIMPANG ALAHAN MATI,"9,160,000","40,000,000","4,297,000,000","3,209,160,000"
98,Sumatera Barat,Kabupaten Pasaman Barat,10310878,SMK N 1 RANAH BATAHAN,"9,160,000","60,000,000","931,000,000","4,409,160,000"
99,Sumatera Barat,Kabupaten Pasaman Barat,10306135,SMK N 1 SASAK RANAH PASISIE,"9,160,000","60,000,000","5,077,000,000","4,009,160,000"
100,Sumatera Barat,Kabupaten Pesisir Selatan,10301946,SMKS TEKNOLOGI LENGAYANG,"9,160,000","60,000,000","5,475,000,000","4,409,160,000"
127,Sumatera Utara,Kota Medan,69727923,SMK NEGERI 14 MEDAN,"9,160,000","100,000,000","8,500,000,000","8,609,160,000"
107,Sumatera Utara,Kabupaten Langkat,69924677,SMK SWASTA MUHAMMAD YAASIIN SEI LEPAN,"9,160,000","70,000,000","2,930,000,000","3,009,160,000"
108,Sumatera Utara,Kabupaten Langkat,10220646,SMKN 1 TANJUNG PURA,"9,160,000","70,000,000","4,730,000,000","4,809,160,000"
122,Sumatera Utara,Kabupaten Tapanuli Tengah,10260493,SMKN 1 LUMUT,"9,160,000","60,000,000","4,540,000,000","4,609,160,000"
109,Sumatera Utara,Kabupaten Langkat,69953551,SMK SWASTA TAMAN SISWA PADANG TUALANG,"9,160,000","60,000,000","4,340,000,000","4,409,160,000"
110,Sumatera Utara,Kabupaten Langkat,10259372,SMKS SRI LANGKAT,"9,160,000","60,000,000","3,940,000,000","4,009,160,000"
111,Sumatera Utara,Kabupaten Langkat,10220747,SMK SWASTA TAMAN SISWA SAWIT SEBERANG,"9,160,000","60,000,000","3,940,000,000","4,009,160,000"
128,Sumatera Utara,Kota Medan,69727256,SMK Swasta Imelda Medan,"9,160,000","60,000,000","3,940,000,000","4,009,160,000"
123,Sumatera Utara,Kabupaten Tapanuli Tengah,70044057,SMK Negeri 1 Sukabangun,"9,160,000","50,000,000","3,750,000,000","3,809,160,000"
129,Sumatera Utara,Kota Medan,10211209,SMK TI SWASTA BUDI AGUNG MEDAN,"9,160,000","50,000,000","3,750,000,000","3,809,160,000"
120,Sumatera Utara,Kabupaten Mandailing Natal,10208081,SMKN 1 BATANG NATAL,"9,160,000","50,000,000","3,550,000,000","3,609,160,000"
112,Sumatera Utara,Kabupaten Langkat,69956351,SMK SWASTA TARUNA BANGSA,"9,160,000","50,000,000","3,350,000,000","3,409,160,000"
125,Sumatera Utara,Kabupaten Tapanuli Utara,10220604,SMKN 1 PAHAE JULU,"9,160,000","50,000,000","3,350,000,000","3,409,160,000"
113,Sumatera Utara,Kabupaten Langkat,10201068,SMK PERSIAPAN PADANG TUALANG,"9,160,000","40,000,000","3,160,000,000","3,209,160,000"
114,Sumatera Utara,Kabupaten Langkat,10259283,SMKS AL-MA'ARIF,"9,160,000","40,000,000","2,960,000,000","3,009,160,000"
124,Sumatera Utara,Kabupaten Tapanuli Tengah,10260526,SMKN 1 BADIRI,"9,160,000","40,000,000","2,960,000,000","3,009,160,000"
115,Sumatera Utara,Kabupaten Langkat,69725097,SMK SWASTA AL HIKMAH,"9,160,000","40,000,000","2,760,000,000","2,809,160,000"
130,Sumatera Utara,Kota Medan,10210765,SMKN 8 MEDAN,"9,160,000","40,000,000","2,760,000,000","2,809,160,000"
116,Sumatera Utara,Kabupaten Langkat,10257578,SMKS AL JAMIYATUL WASHLIYAH,"9,160,000","30,000,000","1,970,000,000","2,009,160,000"
117,Sumatera Utara,Kabupaten Langkat,69956580,SMK SWASTA AL-MAKSUM YAZID,"9,160,000","30,000,000","1,970,000,000","2,009,160,000"
118,Sumatera Utara,Kabupaten Langkat,10259709,SMKS MAJU,"9,160,000","20,000,000","1,480,000,000","1,509,160,000"
20,Sumatera Utara,Kab. Tapanuli Tengah,10206597,SMKS TI MUHAMMADIYAH 11 SIBULUAN,"9,160,000","20,000,000","2,380,000,000","2,409,160,000"
101,Sumatera Utara,Kab. Langkat,10201331,SMKS HARAPAN BABALAN,"9,160,000","20,000,000","1,380,000,000","1,409,160,000"
102,Sumatera Utara,Kab. Langkat,10260514,SMKS MUHAMMADIYAH 18 P BERANDAN,"9,160,000","20,000,000","1,380,000,000","1,409,160,000"
131,Sumatera Utara,Kota Medan,10211076,SMKS YWKA Medan,"9,160,000","20,000,000","1,380,000,000","1,409,160,000"
21,Sumatera Utara,Kab. Tapanuli Tengah,10260540,SMK NEGERI 1 TAPIAN NAULI,"9,160,000","20,000,000","2,180,000,000","2,209,160,000"
105,Sumatera Utara,Kab. Mandailing Natal,10208082,SMKN 1 NATAL,"9,160,000","20,000,000","1,180,000,000","1,209,160,000"
119,Sumatera Utara,Kabupaten Langkat,10220748,SMKS YPII TANJUNG PURA,"9,160,000","20,000,000","1,180,000,000","1,209,160,000"
106,Sumatera Utara,Kab. Tapanuli Selatan,10220618,SMKN 1 BATANGTORU,"9,160,000","40,000,000","960,000,000","1,009,160,000"
121,Sumatera Utara,Kabupaten Tapanuli Selatan,60725063,SMKN 2 BATANG TORU,"9,160,000","40,000,000","960,000,000","1,009,160,000"
126,Sumatera Utara,Kabupaten Tapanuli Utara,10220208,SMKN LOSIDA SIATAS BARITA,"9,160,000","20,000,000","980,000,000","1,009,160,000"
103,Sumatera Utara,Kab. Langkat,10201070,SMKS PEMBANGUNAN NASIONAL PANGKALAN SUSU,"9,160,000","20,000,000","780,000,000","809,160,000"
104,Sumatera Utara,Kab. Langkat,69937373,SMK SWASTA KESEHATAN RACHMAD INSANI,"9,160,000","20,000,000","580,000,000","609,160,000"