No,Provinsi,Kabupaten/Kota,NPSN,Nama Sekolah,JURUSAN AJUAN DINAS,JURUSAN AJUAN DINAS,JURUSAN AJUAN DINAS,JURUSAN AJUAN DINAS,JURUSAN AJUAN DINAS
1,Aceh,Aceh Barat Daya,10110535,SMK Negeri 3 Aceh Barat Daya,Desain Komunikasi Visual (DKV),Teknik Sepeda Motor,Bisnis Digital,,
2,Aceh,Aceh Barat Daya,10110536,SMK NEGERI 2 ACEH BARAT DAYA,Desain dan Produksi Busana,,,,
3,Aceh,Aceh Barat Daya,10110273,SMKN 1 Arongan Lambalek,Agribisnis Tanaman Pangan dan Hortikultura,,,,
4,Aceh,Aceh Barat Daya,10110537,SMK NEGERI 5 ACEH BARAT DAYA,Agribisnis Tanaman Pangan dan Hortikultura,,,,
5,Aceh,Aceh Selatan,10102743,SMK NEGERI 1 TRUMON TIMUR,Agribisnis Tanaman Perkebunan,Agribisnis Tanaman Pangan dan Hortikultura,Desain Komunikasi Visual (DKV),,
6,Aceh,Aceh Singkil,10104057,SMKN 1 SINGKIL UTARA,Desain Komunikasi Visual,Agribisnis Tanaman Perkebunan,Teknik Pemboran Minyak dan Gas ,Agribisnis Ternak Unggas,
7,Aceh,Aceh Tamiang,60726644,SMKN 1 KUALASIMPANG,Bisnis Digital,,,,
8,Aceh,Aceh Tengah,70003115,SMK NEGERI 5 TAKENGON,Teknik Komputer Jaringan,,,,
9,Aceh,Aceh tenggara,10112892,SMK SWASTA IT AL AMANAH,Teknik Komputer dan Jaringan,,,,
10,Aceh,Aceh tenggara,10110357,SMKS BADRUL ULUM,Teknik Komputer dan Jaringan,,,,
11,Aceh,Aceh Timur,69726324,SMKS Plus AMAL,MANAJEMEN PERKANTORAN,CAREGIVER,,,
12,Aceh,Aceh Utara,10106280,SMK NEGERI 1 BAKTIYA BARAT,Desain dan Produksi Busana,Desain Komunikasi Visaual,,,
13,Aceh,Aceh Utara,69909282,SMKN 1 Cot Girek,Teknik Grafika (TG),,,,
14,Aceh,Aceh Utara,10113067,SMK Negeri 1 Lapang,Agribisnis Perikanan Payau dan Laut,Managemen Perkantoran,,,
15,Aceh,Aceh Utara,69787116,SMKS TERPADU BABUSSALAM,Desain dan Produksi Busana,,,,
16,Aceh,Aceh Utara,10113041,SMK FARMASI CITRA BANGSA,Layanan Penunjang Kefarmasian Klinis dan Komunitas,,,,
17,Aceh,aceh Utara,69943314,SMK Swasta Mubarrak Al-Waliyah,DESAIN KOMUNIKASI VISUAL,,,,
18,Aceh,Aceh Utara,70049631,SMK SWASTA TASTAFI,Rekayasa Perangkat Lunak,,,,
19,Aceh,Bireuen,10107108,SMK Negeri 1 Peusangan,Desain dan Produksi Busana,,,,
127,Sumatera Utara,Kota Medan,69727923,SMK NEGERI 14 MEDAN,Elektronika Industri,Teknik Instalasi Tenaga Listrik,Teknik Kendaraan Ringan,,
107,Sumatera Utara,Kabupaten Langkat,69924677,SMK SWASTA MUHAMMAD YAASIIN SEI LEPAN,Teknik Komputer Jaringan,Teknik Sepeda Motor,,,
22,Aceh,Kabupaten Aceh Barat Daya,10104846,SMK NEGERI 1 ACEH BARAT DAYA,Teknik Sepeda Motor,Teknik Kendaraan Ringan,Teknik Instalasi Tenaga Listrik,Teknik Komputer dan Jaringan,
23,Aceh,Kabupaten Aceh Barat Daya,10110534,SMK NEGERI 4 ACEH BARAT DAYA,Teknik Pengelasan,Agribisnis Pengolahan Hasil Pertanian,,,
24,Aceh,Kabupaten Aceh Besar,60729112,SMKN 1  LHOKNGA,Desain dan Produksi Busana,,,,
25,Aceh,Kabupaten Aceh Selatan,10113369,SMKS HIDAYATUL ANAM,Agribisnis Tanaman Pangan dan Hortikultura,,,,
26,Aceh,Kabupaten Aceh Singkil,69947031,SMK Swasta Muhammadiyah Singkil,Teknik Komputer dan Jaringan,,,,
27,Aceh,Kabupaten Aceh Tamiang,10108048,SMK NEGERI 2 KARANG BARU,Teknik Kendaraan Ringan,Teknik Sepeda Motor,Teknik Pengelasan,Teknik Mekatronika,Teknik Instalasi Tenaga Listrik
28,Aceh,Kabupaten Aceh Tamiang,10110624,SMK NEGERI 1 BENDAHARA,Teknik Kendaraan Ringan,Neutika Kapal,,,
29,Aceh,Kabupaten Aceh Tamiang,69966741,SMKS Sabilul Ulum,Teknik Sepeda Motor,,,,
30,Aceh,Kabupaten Aceh Tamiang,10107161,SMKS SYUKRONIYAH,Teknik pengelasan,,,,
31,Aceh,Kabupaten Aceh Tamiang,10107158,SMKN 1 KARANG BARU,Rekayasa Perangkat Lunak (RPL),,,,
32,Aceh,Kabupaten Aceh Tamiang,10104267,SMK SWASTA MAIMUN HABSYAH KUALA SIMPANG,Teknik Kendaraan Ringan,,,,
33,Aceh,Kabupaten Aceh Tamiang,10108049,SMK NEGERI 3 KARANG BARU,Desain dan Produksi Busana,Kuliner,,,
34,Aceh,Kabupaten Aceh Tamiang,70005918,SMK SWASTA MISRA,DESAIN KOMUNIKASI VISUAL,,,,
35,Aceh,Kabupaten Aceh Timur,10111334,SMK NEGERI 2 PEUREULAK,Teknik Sepeda Motor,Pengelasan,,,
36,Aceh,Kabupaten Aceh Timur,10113344,SMK NEGERI 1 PEUREULAK,Desain dan Produksi Busana,Teknik Sepeda Motor,,,
37,Aceh,Kabupaten Aceh Timur,69946304,SMK NEGERI 1 INDRA MAKMU,Teknik Sepeda Motor,Desain Komunikasi Visual (DKV),,,
38,Aceh,Kabupaten Aceh Timur,10110606,SMK NEGERI 1 SIMPANG ULIM,Teknik Kendaraan Ringan,Teknik Komputer dan Jaringan,Teknik Sepeda Motor,,
39,Aceh,Kabupaten Aceh Timur,10113373,SMK NEGERI 1 PANTE BIDARI,Desain dan Produksi Busana,Audio Visual,,,
40,Aceh,Kabupaten Aceh Timur,10111584,SMK NEGERI 1 LOKOP,Agribisnis Tanaman Pangan dan Hortikultura,,,,
41,Aceh,Kabupaten Aceh Timur,69990050,SMK NEGERI 1 NURUSSALAM,Desain dan Produksi Busana,Teknik Instalasi Tenaga Listrik,,,
42,Aceh,Kabupaten Aceh Timur,10112170,SMK NEGERI 1 JULOK,Teknik Sepeda Motor,,,,
43,Aceh,Kabupaten Aceh Utara,10108210,SMK NEGERI 1 TANAH JAMBO AYE,TEKNIK AUDIO VIDEO (TAV),Desain Komunikasi Visual (DKV),,,
44,Aceh,Kabupaten Aceh Utara,10108219,SMK NEGERI 1 TANAH LUAS,Teknik Sepeda Motor,Desain Komunikasi Visual,Pengelasan,,
45,Aceh,Kabupaten Aceh Utara,69759159,SMK NEGERI 1 BAKTIYA,Teknik Sepeda Motor,Rekayasa Perangkat Lunak,,,
46,Aceh,Kabupaten Aceh Utara,10106278,SMK NEGERI 1 MUARA BATU,Teknik Sepeda Motor,Nautika Kapal Penangkap Ikan ,,,
47,Aceh,Kabupaten Aceh Utara,10108220,SMK NEGERI 1 SYAMTALIRA ARON,Desain dan Produksi Busana,,,,
48,Aceh,Kabupaten Aceh Utara,69726919,SMK SWASTA HUMANIORA,Teknik Sepeda Motor,,,,
49,Aceh,Kabupaten Aceh Utara,70035709,SMK SWASTA ANEUK LAOT,Desain dan Produksi Busana,,,,
50,Aceh,Kabupaten Aceh Utara,70036211,SMK Swasta IT Manahilul Irfan,Kuliner,,,,
51,Aceh,Kabupaten Aceh Utara,70006104,SMK SWASTA NURUL YAQIN,Agribisnis Tanaman Pangan dan Hortikultura,,,,
52,Aceh,Kabupaten Aceh Utara,10108221,SMKS TERPADU AL AZHAR,Teknik Audio Video,Layanan Penunjang Keperawatan dan cargiving,,,
53,Aceh,Kabupaten Aceh Utara,69988419,SMK Al Fhattani,Desain dan Produksi Busana,,,,
54,Aceh,Kabupaten Aceh Utara,69970964,SMKS Kafilul Yatim,Teknik Sepeda Motor,,,,
55,Aceh,Kabupaten Bener Meriah,69972330,SMKN 5 BENER MERIAH,Teknik Kendaraan Ringan,Agribisnis Pengolahan Hasil Pertanian,,,
56,Aceh,Kabupaten Bireuen,10107107,SMK NEGERI 1 JEUNIEB,TEKNIKA KAPAL PENANGKAPAN IKAN ( TKPI),,,,
57,Aceh,Kabupaten Bireuen,69945354,SMK SWASTA AL-HIDAYAH,Desain dan Produksi Busana,,,,
58,Aceh,Kabupaten Bireuen,10107109,SMK NEGERI 1 JEUMPA,Teknik Sepeda Motor,,,,
59,Aceh,Kabupaten Bireuen,10103755,SMK Kesehatan Muhammadiyah Bireuen,LAYANAN PENUNJANG KEPERAWATAN DAN CAREGIVING,,,,
60,Aceh,Kabupaten Bireuen,10113428,SMK-PP NEGERI BIREUEN,Agribisnis Tanaman Pangan dan Hortikultura,,,,
61,Aceh,Kabupaten Gayo Lues,10104541,SMK NEGERI 1 GAYO LUES,Teknik Kendaraan Ringan,,,,
62,Aceh,Kabupaten Pidie,10100635,SMK NEGERI 1 SIGLI,Desain dan Produksi Busana,Kuliner,Desain Komunikasi Visual,,
63,Aceh,Kabupaten Pidie,10100633,SMKS LILAWANGSA SIGLI,farmasi klinis dan komunitas,,,,
64,Aceh,Kabupaten Pidie,69753602,SMK NEGERI MANE,Teknik Sepeda Motor,,,,
65,Aceh,Kabupaten Pidie,10110275,SMK NEGERI 3 SIGLI,Teknik Komputer dan Jaringan,Desain Komunikasi Visual (DKV),,,
66,Aceh,Kabupaten Pidie Jaya,10111806,SMK NEGERI 1 BANDAR DUA,Teknik Kendaraan Ringan,Tata Busana,,,
67,Aceh,Kabupaten Pidie Jaya,10112857,SMK NEGERI ULIM,Teknik Sepeda Motor,Teknik Sepeda Motor,Ternak Unggas,,
68,Aceh,Kabupaten Pidie Jaya,69972006,SMK BUDI,Teknik Instalasi Tenaga Listrik,,,,
69,Aceh,Kabupaten Pidie Jaya,10112856,SMKN TRIENGGADENG,Teknik Sepeda Motor,ATP,,,
70,Aceh,Kabupaten Pidie Jaya,69950731,SMK UMMUL AYMAN 2,Desain dan Produksi Busana,,,,
71,Aceh,Kabupaten Simeulue,10112509,SMK NEGERI 1 SALANG,AGRIBISNIS TERNAK UNGGAS,,,,
72,Aceh,Kabupaten Simeulue,10103348,SMK Negeri 2 Sinabang,Teknik Kendaraan Ringan,,,,
73,Aceh,Kabupaten Simeulue,10111947,SMK NEGERI 1 TEUPAH TENGAH,Agribisnis Tanaman Pangan dan Hortikultura,,,,
74,Aceh,Kabupaten Simeulue,69896252,SMK NEGERI 1 SIMEULUE CUT,Agribisnis Tanaman Pangan dan Hortikultura,,,,
75,Aceh,Kota Langsa,10105724,SMK NEGERI 2 LANGSA,Teknik Kendaraan Ringan (TKR),Teknik Elektronika Industri,TPTU,,
76,Aceh,Kota Langsa,10113917,SMK NEGERI 6 LANGSA,Layanan Penunjang Keperawatan dan caregiving,,,,
77,Aceh,Kota Langsa,10107115,SMK NEGERI 5 LANGSA,Teknik Jaringan Akses Telekomunikasi,,,,
78,Aceh,Kota Lhokseumawe,10105628,SMK NEGERI 4 LHOKSEUMAWE,Teknik Kendaraan Ringan,"Teknik Energi Surya, Hidro, dan Angin",,,
79,Aceh,Kota Lhokseumawe,10105629,SMKS KARYA BERINGIN,Teknik Sepeda Motor,,,,
80,Aceh,Kota Lhokseumawe,10110714,SMKN 5 LHOKSEUMAWE,Design Pemodelan dan Informasi Bangunan,,,,
81,Aceh,Kota Lhokseumawe,10111838,SMK NEGERI 7 LHOKSEUMAWE,Teknik Sepeda Motor,Teknik Kendaraan Ringan,,,
82,Aceh,Kota Lhokseumawe,10110650,SMKS ULUMUDDIN,Desain Komunikasi Visual (DKV),,,,
83,Aceh,Kota Lhokseumawe,70003663,SMK IT Pesantren Tabina Aceh,Teknik Mekanik Industri,,,,
84,Aceh,Langsa,10105704,SMK N 1 LANGSA,Akuntansi,Management Perkantoran,,,
85,Aceh,Lhokseumawe,10105625,SMK NEGERI 1 LHOKSEUMAWE,Teknik Komputer dan Jaringan,Rekayasa Perangkat Lunak,Manajemen Perkantoran,,
86,Aceh,Lhokseumawe,10105627,SMK NEGERI 3 LHOKSEUMAWE,Bisnis Digital,Akuntansi,Manajemen Perkantoran,Layanan Perbankan Syariah,
87,Aceh,Lhokseumawe,10105626,SMK NEGERI 2 LHOKSEUMAWE,Desain dan Produksi Busana,,,,
88,Aceh,Lhokseumawe,69758278,SMKN 8 LHOKSEUMAWE,Layanan Penunjang Laboratorium Medik,,,,
89,Aceh,Lhokseumawe,10110769,SMKN 6 Lhokseumawe,Agribisnis Pengolahan Hasil Perikanan,,,,
90,Aceh,Lhokseumawe,10111502,SMK SWASTA MUHAMMADIYAH LHOKSUKON,Manajemen Perkantoran,,,,
91,Aceh,Pidie Jaya,10112855,SMKN 1 BANDAR BARU,Teknik Sepeda Motor,,,,
92,Aceh,Pidie Jaya,10100617,SMK SWASTA MUTIARA,Akuntansi,,,,
93,Aceh,Simeulu,10111935,SMK NEGERI 1 TEUPAH SELATAN,Desain dan Produksi Busana,,,,
94,Aceh,Simeulue,10103347,SMK NEGERI 1 SINABANG,Desain dan Produksi Busana,,,,
95,Aceh,Simeulue,69949251,SMK NEGERI PERIKANAN SIMEULUE BARAT,Agribisnis Perikanan Air Payau dan Laut,,,,
96,Aceh,Simeulue,10111684,SMK Negeri 3 Sinabang,Agribisnis Perikanan Air Payau dan Laut,,,,
97,Sumatera Barat,Kabupaten Pasaman,69754554,SMKN 1 SIMPANG ALAHAN MATI,Teknik Sepeda Motor,Teknik Komputer Jaringan,,,
98,Sumatera Barat,Kabupaten Pasaman Barat,10310878,SMK N 1 RANAH BATAHAN,Pengelasan,Teknik Audio Video ,,,
99,Sumatera Barat,Kabupaten Pasaman Barat,10306135,SMK N 1 SASAK RANAH PASISIE,Agribisnis Perikanan Air Tawar (APAT),Teknik Bisnis Sepeda Motor,,,
100,Sumatera Barat,Kabupaten Pesisir Selatan,10301946,SMKS TEKNOLOGI LENGAYANG,Teknik Sepeda Motor,Teknik Instalasi Tenaga Listrik,,,
108,Sumatera Utara,Kabupaten Langkat,10220646,SMKN 1 TANJUNG PURA,Teknik Kendaraan Ringan,Teknik Sepeda Motor,,,
122,Sumatera Utara,Kabupaten Tapanuli Tengah,10260493,SMKN 1 LUMUT,Teknik Kendaraan Ringan,Teknik Sepeda Motor,,,
109,Sumatera Utara,Kabupaten Langkat,69953551,SMK SWASTA TAMAN SISWA PADANG TUALANG,Teknik Kendaraan  Ringan,,,,
110,Sumatera Utara,Kabupaten Langkat,10259372,SMKS SRI LANGKAT,Teknik Kendaraan Ringan,,,,
111,Sumatera Utara,Kabupaten Langkat,10220747,SMK SWASTA TAMAN SISWA SAWIT SEBERANG,Teknik Kendaraan Ringan,Teknik Sepeda Motor,,,
128,Sumatera Utara,Kota Medan,69727256,SMK Swasta Imelda Medan,Teknik Sepeda Motor,Teknik Instalasi Tenaga Listrik,,,
123,Sumatera Utara,Kabupaten Tapanuli Tengah,70044057,SMK Negeri 1 Sukabangun,Teknik Sepeda Motor,,,,
129,Sumatera Utara,Kota Medan,10211209,SMK TI SWASTA BUDI AGUNG MEDAN,Teknik Kendaraan Ringan,,,,
120,Sumatera Utara,Kabupaten Mandailing Natal,10208081,SMKN 1 BATANG NATAL,Teknik Komputer dan Jaringan,Teknik Audio Video,,,
112,Sumatera Utara,Kabupaten Langkat,69956351,SMK SWASTA TARUNA BANGSA,Teknik Sepeda Motor,,,,
125,Sumatera Utara,Kabupaten Tapanuli Utara,10220604,SMKN 1 PAHAE JULU,Teknik Instalasi Tenaga Listrik,,,,
113,Sumatera Utara,Kabupaten Langkat,10201068,SMK PERSIAPAN PADANG TUALANG,Teknik Kendaraan Ringan,Teknik Sepeda Motor,,,
114,Sumatera Utara,Kabupaten Langkat,10259283,SMKS AL-MA'ARIF,Teknik Sepeda Motor,,,,
124,Sumatera Utara,Kabupaten Tapanuli Tengah,10260526,SMKN 1 BADIRI,Desain dan Produksi Busana,,,,
115,Sumatera Utara,Kabupaten Langkat,69725097,SMK SWASTA AL HIKMAH,Teknik Sepeda Motor,,,,
130,Sumatera Utara,Kota Medan,10210765,SMKN 8 MEDAN,Desain dan Produksi Busana,,,,
116,Sumatera Utara,Kabupaten Langkat,10257578,SMKS AL JAMIYATUL WASHLIYAH,Teknik Komputer Jaringan,,,,
117,Sumatera Utara,Kabupaten Langkat,69956580,SMK SWASTA AL-MAKSUM YAZID,Teknik Komputer  Jaringan,,,,
118,Sumatera Utara,Kabupaten Langkat,10259709,SMKS MAJU,Teknik Komputer dan Jaringan,,,,
20,Sumatera Utara,Kab. Tapanuli Tengah,10206597,SMKS TI MUHAMMADIYAH 11 SIBULUAN,Teknik Bisnis Sepeda Motor,,,,
101,Sumatera Utara,Kab. Langkat,10201331,SMKS HARAPAN BABALAN,Manajemen Perkantoran,,,,
102,Sumatera Utara,Kab. Langkat,10260514,SMKS MUHAMMADIYAH 18 P BERANDAN,Teknik Komputer Jaringan,,,,
131,Sumatera Utara,Kota Medan,10211076,SMKS YWKA Medan,Manajemen Perkantoran,,,,
21,Sumatera Utara,Kab. Tapanuli Tengah,10260540,SMK NEGERI 1 TAPIAN NAULI,Teknik Komputer Jaringan,,,,
105,Sumatera Utara,Kab. Mandailing Natal,10208082,SMKN 1 NATAL,Teknik Komputer Jaringan,,,,
119,Sumatera Utara,Kabupaten Langkat,10220748,SMKS YPII TANJUNG PURA,Teknik Komputer Jaringan,,,,
106,Sumatera Utara,Kab. Tapanuli Selatan,10220618,SMKN 1 BATANGTORU,Agribisnis Tanaman Pangan dan Hortikultura,,,,
121,Sumatera Utara,Kabupaten Tapanuli Selatan,60725063,SMKN 2 BATANG TORU,Teknik Alat Berat,,,,
126,Sumatera Utara,Kabupaten Tapanuli Utara,10220208,SMKN LOSIDA SIATAS BARITA,Teknik Komputer Jaringan,,,,
103,Sumatera Utara,Kab. Langkat,10201070,SMKS PEMBANGUNAN NASIONAL PANGKALAN SUSU,Manajemen Perkantoran,,,,
104,Sumatera Utara,Kab. Langkat,69937373,SMK SWASTA KESEHATAN RACHMAD INSANI,Keperawatan,,,,